raw_file,m_p,m_c,n_points,source
100um_1000Hz_10_0925.csv,0.769,0.88,2000,旧xlsxから引継ぎ
100um_1000Hz_10_0926.csv,0.78,0.88,2000,旧xlsxから引継ぎ
100um_1000Hz_20_0925.csv,0.769,0.88,2000,旧xlsxから引継ぎ
100um_1000Hz_20_0926.csv,0.78,0.88,2000,旧xlsxから引継ぎ
100um_1000Hz_30_0925.csv,0.769,0.88,2000,旧xlsxから引継ぎ
100um_1000Hz_30_0926.csv,0.78,0.88,2000,旧xlsxから引継ぎ
100um_1000Hz_40_0925.csv,0.769,0.88,2000,旧xlsxから引継ぎ
100um_1000Hz_40_0926.csv,0.78,0.88,2000,旧xlsxから引継ぎ
100um_1000Hz_5_0926.csv,0.78,0.88,2000,旧xlsxから引継ぎ
100um_100Hz_10_0527.csv,0.804,0.88,2048,旧xlsxから引継ぎ
100um_100Hz_10_0926.csv,0.78,0.88,2000,旧xlsxから引継ぎ
100um_100Hz_20_0527.csv,0.804,0.88,2048,旧xlsxから引継ぎ
100um_100Hz_20_0926.csv,0.78,0.88,2000,旧xlsxから引継ぎ
100um_100Hz_30_0527.csv,0.804,0.88,2048,旧xlsxから引継ぎ
100um_100Hz_30_0926.csv,0.78,0.88,2000,旧xlsxから引継ぎ
100um_100Hz_40_0527.csv,0.804,0.88,2048,旧xlsxから引継ぎ
100um_100Hz_40_0926.csv,0.78,0.88,2000,旧xlsxから引継ぎ
100um_100Hz_5_0926.csv,0.78,0.88,2000,旧xlsxから引継ぎ
100um_1500Hz_10_0925.csv,0.769,0.88,2000,旧xlsxから引継ぎ
100um_1500Hz_10_0926.csv,0.78,0.88,2000,旧xlsxから引継ぎ
100um_1500Hz_20_0925.csv,0.769,0.88,2000,旧xlsxから引継ぎ
100um_1500Hz_20_0926.csv,0.78,0.88,2000,旧xlsxから引継ぎ
100um_1500Hz_30_0925.csv,0.769,0.88,2000,旧xlsxから引継ぎ
100um_1500Hz_30_0926.csv,0.78,0.88,2000,旧xlsxから引継ぎ
100um_1500Hz_40_0925.csv,0.769,0.88,2000,旧xlsxから引継ぎ
100um_1500Hz_40_0926.csv,0.78,0.88,2000,旧xlsxから引継ぎ
100um_1500Hz_5_0926.csv,0.78,0.88,2000,旧xlsxから引継ぎ
100um_200Hz_10_0527.csv,0.804,0.88,2048,旧xlsxから引継ぎ
100um_200Hz_10_0926.csv,0.78,0.88,2000,旧xlsxから引継ぎ
100um_200Hz_20_0527.csv,0.804,0.88,2048,旧xlsxから引継ぎ
100um_200Hz_20_0926.csv,0.78,0.88,2000,旧xlsxから引継ぎ
100um_200Hz_30_0527-2.csv,0.804,0.88,2048,旧xlsxから引継ぎ
100um_200Hz_30_0527.csv,0.804,0.88,2048,同じ粒径・日付(100um/0527)の旧xlsxから
100um_200Hz_30_0926.csv,0.78,0.88,2000,旧xlsxから引継ぎ
100um_200Hz_40_0527-2.csv,0.804,0.88,2048,同じ粒径・日付(100um/0527)の旧xlsxから
100um_200Hz_40_0527-3.csv,0.804,0.88,2048,同じ粒径・日付(100um/0527)の旧xlsxから
100um_200Hz_40_0527.csv,0.804,0.88,2048,旧xlsxから引継ぎ
100um_200Hz_40_0926.csv,0.78,0.88,2000,旧xlsxから引継ぎ
100um_200Hz_5_0926.csv,0.78,0.88,2000,旧xlsxから引継ぎ
100um_300Hz_10_0527-2.csv,0.804,0.88,2048,同じ粒径・日付(100um/0527)の旧xlsxから
100um_300Hz_10_0527-3.csv,0.804,0.88,2048,同じ粒径・日付(100um/0527)の旧xlsxから
100um_300Hz_10_0527.csv,0.804,0.88,2048,旧xlsxから引継ぎ
100um_300Hz_10_0925.csv,0.769,0.88,2000,同じ粒径・日付(100um/0925)の旧xlsxから
100um_300Hz_10_0926.csv,0.78,0.88,2000,旧xlsxから引継ぎ
100um_300Hz_20_0527-2.csv,0.804,0.88,2048,同じ粒径・日付(100um/0527)の旧xlsxから
100um_300Hz_20_0527-3.csv,0.804,0.88,2048,同じ粒径・日付(100um/0527)の旧xlsxから
100um_300Hz_20_0527.csv,0.804,0.88,2048,旧xlsxから引継ぎ
100um_300Hz_20_0925.csv,0.769,0.88,2000,同じ粒径・日付(100um/0925)の旧xlsxから
100um_300Hz_20_0926.csv,0.78,0.88,2000,旧xlsxから引継ぎ
100um_300Hz_30_0527-2.csv,0.804,0.88,2048,同じ粒径・日付(100um/0527)の旧xlsxから
100um_300Hz_30_0527-3.csv,0.804,0.88,2048,同じ粒径・日付(100um/0527)の旧xlsxから
100um_300Hz_30_0527.csv,0.804,0.88,2048,旧xlsxから引継ぎ
100um_300Hz_30_0925.csv,0.769,0.88,2000,同じ粒径・日付(100um/0925)の旧xlsxから
100um_300Hz_30_0926.csv,0.78,0.88,2000,旧xlsxから引継ぎ
100um_300Hz_40_0527-1.csv,0.804,0.88,2048,同じ粒径・日付(100um/0527)の旧xlsxから
100um_300Hz_40_0527-3.csv,0.804,0.88,2048,同じ粒径・日付(100um/0527)の旧xlsxから
100um_300Hz_40_0527.csv,0.804,0.88,2048,旧xlsxから引継ぎ
100um_300Hz_40_0925.csv,0.769,0.88,2000,同じ粒径・日付(100um/0925)の旧xlsxから
100um_300Hz_40_0926.csv,0.78,0.88,2000,旧xlsxから引継ぎ
100um_300Hz_5_0926.csv,0.78,0.88,2000,旧xlsxから引継ぎ
100um_400Hz_10_0924.csv,0.78,0.88,2000,旧xlsxから引継ぎ
100um_400Hz_10_0926.csv,0.78,0.88,2000,旧xlsxから引継ぎ
100um_400Hz_20_0924.csv,0.78,0.88,2000,旧xlsxから引継ぎ
100um_400Hz_20_0926.csv,0.78,0.88,2000,旧xlsxから引継ぎ
100um_400Hz_30_0924.csv,0.78,0.88,2000,旧xlsxから引継ぎ
100um_400Hz_30_0926.csv,0.78,0.88,2000,旧xlsxから引継ぎ
100um_400Hz_40_0924.csv,0.78,0.88,2000,旧xlsxから引継ぎ
100um_400Hz_40_0926.csv,0.78,0.88,2000,旧xlsxから引継ぎ
100um_400Hz_5_0926.csv,0.78,0.88,2000,旧xlsxから引継ぎ
100um_500Hz_10_0925.csv,0.769,0.88,2000,旧xlsxから引継ぎ
100um_500Hz_10_0926.csv,0.78,0.88,2000,旧xlsxから引継ぎ
100um_500Hz_20_0925.csv,0.769,0.88,2000,旧xlsxから引継ぎ
100um_500Hz_20_0926.csv,0.78,0.88,2000,旧xlsxから引継ぎ
100um_500Hz_30_0925.csv,0.769,0.88,2000,旧xlsxから引継ぎ
100um_500Hz_30_0926.csv,0.78,0.88,2000,旧xlsxから引継ぎ
100um_500Hz_40_0925.csv,0.769,0.88,2000,旧xlsxから引継ぎ
100um_500Hz_40_0926.csv,0.78,0.88,2000,旧xlsxから引継ぎ
100um_500Hz_5_0926.csv,0.78,0.88,2000,旧xlsxから引継ぎ
100um_50Hz_10_0527.csv,0.804,0.88,2048,旧xlsxから引継ぎ
100um_50Hz_10_0926.csv,0.78,0.88,2000,旧xlsxから引継ぎ
100um_50Hz_20_0527.csv,0.804,0.88,2048,旧xlsxから引継ぎ
100um_50Hz_20_0926.csv,0.78,0.88,2000,旧xlsxから引継ぎ
100um_50Hz_30_0527.csv,0.804,0.88,2048,旧xlsxから引継ぎ
100um_50Hz_30_0926.csv,0.78,0.88,2000,旧xlsxから引継ぎ
100um_50Hz_35_0527.csv,0.804,0.88,2048,旧xlsxから引継ぎ
100um_50Hz_35_0926.csv,0.78,0.88,2000,旧xlsxから引継ぎ
100um_50Hz_5_0926.csv,0.78,0.88,2000,旧xlsxから引継ぎ
100um_700Hz_10_0926.csv,0.78,0.88,2000,旧xlsxから引継ぎ
100um_700Hz_20_0926.csv,0.78,0.88,2000,旧xlsxから引継ぎ
100um_700Hz_30_0926.csv,0.78,0.88,2000,旧xlsxから引継ぎ
100um_700Hz_40_0926.csv,0.78,0.88,2000,旧xlsxから引継ぎ
100um_700Hz_5_0926.csv,0.78,0.88,2000,旧xlsxから引継ぎ
100um_75Hz_10_0924.csv,0.78,0.88,1600,旧xlsxから引継ぎ
100um_75Hz_10_0926.csv,0.78,0.88,1600,旧xlsxから引継ぎ
100um_75Hz_20_0924.csv,0.78,0.88,1600,旧xlsxから引継ぎ
100um_75Hz_20_0926.csv,0.78,0.88,1600,旧xlsxから引継ぎ
100um_75Hz_30_0924.csv,0.78,0.88,1600,旧xlsxから引継ぎ
100um_75Hz_30_0926.csv,0.78,0.88,1600,旧xlsxから引継ぎ
100um_75Hz_40_0924.csv,0.78,0.88,1600,旧xlsxから引継ぎ
100um_75Hz_40_0926.csv,0.78,0.88,1600,旧xlsxから引継ぎ
100um_75Hz_5_0926.csv,0.78,0.88,1600,旧xlsxから引継ぎ
200um_1000Hz_10_0925.csv,0.77,0.88,2000,旧xlsxから引継ぎ
200um_1000Hz_20_0925.csv,0.77,0.88,2000,旧xlsxから引継ぎ
200um_1000Hz_30_0925.csv,0.77,0.88,2000,旧xlsxから引継ぎ
200um_1000Hz_40_0925.csv,0.77,0.88,2000,旧xlsxから引継ぎ
200um_100Hz_10_0622.csv,0.787,0.88,2048,旧xlsxから引継ぎ
200um_100Hz_20_0622.csv,0.787,0.88,2048,旧xlsxから引継ぎ
200um_100Hz_30_0622.csv,0.787,0.88,2048,旧xlsxから引継ぎ
200um_100Hz_40_0622.csv,0.787,0.88,2048,旧xlsxから引継ぎ
200um_1500Hz_10_0925.csv,0.77,0.88,2000,旧xlsxから引継ぎ
200um_1500Hz_20_0925.csv,0.77,0.88,2000,旧xlsxから引継ぎ
200um_1500Hz_30_0925.csv,0.77,0.88,2000,旧xlsxから引継ぎ
200um_1500Hz_40_0925.csv,0.77,0.88,2000,旧xlsxから引継ぎ
200um_200Hz_10_0622.csv,0.787,0.88,2048,旧xlsxから引継ぎ
200um_200Hz_20_0622.csv,0.787,0.88,2048,旧xlsxから引継ぎ
200um_200Hz_30_0622.csv,0.787,0.88,2048,旧xlsxから引継ぎ
200um_200Hz_40_0622.csv,0.787,0.88,2048,旧xlsxから引継ぎ
200um_300Hz_10_0622.csv,0.787,0.88,2048,旧xlsxから引継ぎ
200um_300Hz_10_0925.csv,0.77,0.88,2000,同じ粒径・日付(200um/0925)の旧xlsxから
200um_300Hz_20_0622.csv,0.787,0.88,2048,旧xlsxから引継ぎ
200um_300Hz_20_0925.csv,0.77,0.88,2000,同じ粒径・日付(200um/0925)の旧xlsxから
200um_300Hz_30_0622.csv,0.787,0.88,2048,旧xlsxから引継ぎ
200um_300Hz_30_0925.csv,0.77,0.88,2000,同じ粒径・日付(200um/0925)の旧xlsxから
200um_300Hz_40_0622.csv,0.787,0.88,2048,旧xlsxから引継ぎ
200um_300Hz_40_0925.csv,0.77,0.88,2000,同じ粒径・日付(200um/0925)の旧xlsxから
200um_500Hz_10_0925.csv,0.77,0.88,2000,旧xlsxから引継ぎ
200um_500Hz_20_0925.csv,0.77,0.88,2000,旧xlsxから引継ぎ
200um_500Hz_30_0925.csv,0.77,0.88,2000,旧xlsxから引継ぎ
200um_500Hz_40_0925.csv,0.77,0.88,2000,旧xlsxから引継ぎ
200um_50Hz_10_0622.csv,0.787,0.88,2048,旧xlsxから引継ぎ
200um_50Hz_20_0622.csv,0.787,0.88,2048,ユーザー指定で修正(旧xlsxの0.812は入力ミス)
200um_50Hz_30_0622.csv,0.787,0.88,2048,旧xlsxから引継ぎ
200um_50Hz_35_0622.csv,0.787,0.88,2048,旧xlsxから引継ぎ
300um_1000Hz_10_0925.csv,0.754,0.88,2000,旧xlsxから引継ぎ
300um_1000Hz_20_0925.csv,0.754,0.88,2000,旧xlsxから引継ぎ
300um_1000Hz_30_0925.csv,0.754,0.88,2000,旧xlsxから引継ぎ
300um_1000Hz_40_0925.csv,0.754,0.88,2000,旧xlsxから引継ぎ
300um_100Hz_10_0527.csv,0.677,0.88,2048,旧xlsxから引継ぎ
300um_100Hz_20_0527.csv,0.677,0.88,2048,旧xlsxから引継ぎ
300um_100Hz_30_0527.csv,0.677,0.88,2048,旧xlsxから引継ぎ
300um_100Hz_40_0527.csv,0.677,0.88,2048,旧xlsxから引継ぎ
300um_1500Hz_10_0925.csv,0.754,0.88,2000,旧xlsxから引継ぎ
300um_1500Hz_20_0925.csv,0.754,0.88,2000,旧xlsxから引継ぎ
300um_1500Hz_30_0925.csv,0.754,0.88,2000,旧xlsxから引継ぎ
300um_1500Hz_40_0925.csv,0.754,0.88,2000,旧xlsxから引継ぎ
300um_200Hz_10_0527.csv,0.677,0.88,2048,旧xlsxから引継ぎ
300um_200Hz_20_0527.csv,0.677,0.88,2048,旧xlsxから引継ぎ
300um_200Hz_30_0527.csv,0.677,0.88,2048,旧xlsxから引継ぎ
300um_200Hz_40_0527.csv,0.677,0.88,2048,旧xlsxから引継ぎ
300um_300Hz_10_0527.csv,0.677,0.88,2048,旧xlsxから引継ぎ
300um_300Hz_10_0925.csv,0.754,0.88,2000,同じ粒径・日付(300um/0925)の旧xlsxから
300um_300Hz_20_0527.csv,0.677,0.88,2048,旧xlsxから引継ぎ
300um_300Hz_20_0925.csv,0.754,0.88,2000,同じ粒径・日付(300um/0925)の旧xlsxから
300um_300Hz_30_0527.csv,0.677,0.88,2048,旧xlsxから引継ぎ
300um_300Hz_30_0925.csv,0.754,0.88,2000,同じ粒径・日付(300um/0925)の旧xlsxから
300um_300Hz_40_0527.csv,0.677,0.88,2048,旧xlsxから引継ぎ
300um_300Hz_40_0925.csv,0.754,0.88,2000,同じ粒径・日付(300um/0925)の旧xlsxから
300um_400Hz_10_0924.csv,0.754,0.88,2000,ユーザー指定(0.754g)
300um_400Hz_20_0924.csv,0.754,0.88,2000,ユーザー指定(0.754g)
300um_400Hz_30_0924.csv,0.754,0.88,2000,ユーザー指定(0.754g)
300um_400Hz_40_0924.csv,0.754,0.88,2000,ユーザー指定(0.754g)
300um_500Hz_10_0925.csv,0.754,0.88,2000,旧xlsxから引継ぎ
300um_500Hz_20_0925.csv,0.754,0.88,2000,旧xlsxから引継ぎ
300um_500Hz_30_0925.csv,0.754,0.88,2000,旧xlsxから引継ぎ
300um_500Hz_40_0925.csv,0.754,0.88,2000,旧xlsxから引継ぎ
300um_50Hz_10_0527.csv,0.677,0.88,2048,旧xlsxから引継ぎ
300um_50Hz_20_0527.csv,0.677,0.88,2048,旧xlsxから引継ぎ
300um_50Hz_30_0527.csv,0.677,0.88,2048,旧xlsxから引継ぎ
300um_50Hz_35_0527.csv,0.677,0.88,2048,旧xlsxから引継ぎ
300um_700Hz_10_0924.csv,0.754,0.88,2000,ユーザー指定(0.754g)
300um_700Hz_20_0924.csv,0.754,0.88,2000,ユーザー指定(0.754g)
300um_700Hz_30_0924.csv,0.754,0.88,2000,ユーザー指定(0.754g)
300um_700Hz_40_0924.csv,0.754,0.88,2000,ユーザー指定(0.754g)
300um_75Hz_10_0924.csv,0.754,0.88,1600,ユーザー指定(0.754g)
300um_75Hz_20_0924.csv,0.754,0.88,1600,ユーザー指定(0.754g)
300um_75Hz_30_0924.csv,0.754,0.88,1600,ユーザー指定(0.754g)
300um_75Hz_40_0924.csv,0.754,0.88,1600,ユーザー指定(0.754g)
30um_1000Hz_10_0925.csv,0.78,0.88,2000,旧xlsxから引継ぎ
30um_1000Hz_20_0925.csv,0.78,0.88,2000,旧xlsxから引継ぎ
30um_1000Hz_30_0925.csv,0.78,0.88,2000,旧xlsxから引継ぎ
30um_1000Hz_40_0925.csv,0.78,0.88,2000,旧xlsxから引継ぎ
30um_100Hz_10_0527-2.csv,0.812,0.88,2048,同じ粒径・日付(30um/0527)の旧xlsxから
30um_100Hz_10_0527-3.csv,0.812,0.88,2048,同じ粒径・日付(30um/0527)の旧xlsxから
30um_100Hz_10_0527.csv,0.812,0.88,2048,旧xlsxから引継ぎ
30um_100Hz_20_0527-2.csv,0.812,0.88,2048,同じ粒径・日付(30um/0527)の旧xlsxから
30um_100Hz_20_0527-3.csv,0.812,0.88,2048,同じ粒径・日付(30um/0527)の旧xlsxから
30um_100Hz_20_0527.csv,0.812,0.88,2048,旧xlsxから引継ぎ
30um_100Hz_30_0527-2.csv,0.812,0.88,2048,同じ粒径・日付(30um/0527)の旧xlsxから
30um_100Hz_30_0527-3.csv,0.812,0.88,2048,同じ粒径・日付(30um/0527)の旧xlsxから
30um_100Hz_30_0527.csv,0.812,0.88,2048,旧xlsxから引継ぎ
30um_100Hz_40_0527-2.csv,0.812,0.88,2048,同じ粒径・日付(30um/0527)の旧xlsxから
30um_100Hz_40_0527-3.csv,0.812,0.88,2048,同じ粒径・日付(30um/0527)の旧xlsxから
30um_100Hz_40_0527.csv,0.812,0.88,2048,旧xlsxから引継ぎ
30um_1500Hz_10_0925.csv,0.78,0.88,2000,旧xlsxから引継ぎ
30um_1500Hz_20_0925.csv,0.78,0.88,2000,旧xlsxから引継ぎ
30um_1500Hz_30_0925.csv,0.78,0.88,2000,旧xlsxから引継ぎ
30um_1500Hz_40_0925.csv,0.78,0.88,2000,旧xlsxから引継ぎ
30um_200Hz_10_0527-2.csv,0.812,0.88,2048,同じ粒径・日付(30um/0527)の旧xlsxから
30um_200Hz_10_0527-3.csv,0.812,0.88,2048,同じ粒径・日付(30um/0527)の旧xlsxから
30um_200Hz_10_0527.csv,0.812,0.88,2048,旧xlsxから引継ぎ
30um_200Hz_20_0527-2.csv,0.812,0.88,2048,同じ粒径・日付(30um/0527)の旧xlsxから
30um_200Hz_20_0527-3.csv,0.812,0.88,2048,同じ粒径・日付(30um/0527)の旧xlsxから
30um_200Hz_20_0527.csv,0.812,0.88,2048,旧xlsxから引継ぎ
30um_200Hz_30_0527-2.csv,0.812,0.88,2048,同じ粒径・日付(30um/0527)の旧xlsxから
30um_200Hz_30_0527-3.csv,0.812,0.88,2048,同じ粒径・日付(30um/0527)の旧xlsxから
30um_200Hz_30_0527.csv,0.812,0.88,2048,旧xlsxから引継ぎ
30um_200Hz_40_0527-2.csv,0.812,0.88,2048,同じ粒径・日付(30um/0527)の旧xlsxから
30um_200Hz_40_0527-3.csv,0.812,0.88,2048,同じ粒径・日付(30um/0527)の旧xlsxから
30um_200Hz_40_0527.csv,0.812,0.88,2048,旧xlsxから引継ぎ
30um_300Hz_10_0527-2.csv,0.812,0.88,2048,同じ粒径・日付(30um/0527)の旧xlsxから
30um_300Hz_10_0527-3.csv,0.812,0.88,2048,同じ粒径・日付(30um/0527)の旧xlsxから
30um_300Hz_10_0527.csv,0.812,0.88,2048,旧xlsxから引継ぎ
30um_300Hz_10_0925.csv,0.78,0.88,2000,同じ粒径・日付(30um/0925)の旧xlsxから
30um_300Hz_20_0527-2.csv,0.812,0.88,2048,旧xlsxから引継ぎ
30um_300Hz_20_0527-3.csv,0.812,0.88,2048,同じ粒径・日付(30um/0527)の旧xlsxから
30um_300Hz_20_0527.csv,0.812,0.88,2048,同じ粒径・日付(30um/0527)の旧xlsxから
30um_300Hz_20_0925.csv,0.78,0.88,2000,同じ粒径・日付(30um/0925)の旧xlsxから
30um_300Hz_30_0527-2.csv,0.812,0.88,2048,同じ粒径・日付(30um/0527)の旧xlsxから
30um_300Hz_30_0527-3.csv,0.812,0.88,2048,同じ粒径・日付(30um/0527)の旧xlsxから
30um_300Hz_30_0527.csv,0.812,0.88,2048,旧xlsxから引継ぎ
30um_300Hz_30_0925.csv,0.78,0.88,2000,同じ粒径・日付(30um/0925)の旧xlsxから
30um_300Hz_40_0527-2.csv,0.812,0.88,2048,同じ粒径・日付(30um/0527)の旧xlsxから
30um_300Hz_40_0527-3.csv,0.812,0.88,2048,同じ粒径・日付(30um/0527)の旧xlsxから
30um_300Hz_40_0527.csv,0.812,0.88,2048,旧xlsxから引継ぎ
30um_300Hz_40_0925.csv,0.78,0.88,2000,同じ粒径・日付(30um/0925)の旧xlsxから
30um_500Hz_10_0925.csv,0.78,0.88,2000,旧xlsxから引継ぎ
30um_500Hz_20_0925.csv,0.78,0.88,2000,旧xlsxから引継ぎ
30um_500Hz_30_0925.csv,0.78,0.88,2000,旧xlsxから引継ぎ
30um_500Hz_40_0925.csv,0.78,0.88,2000,旧xlsxから引継ぎ
30um_50Hz_10_0527-2.csv,0.812,0.88,2048,同じ粒径・日付(30um/0527)の旧xlsxから
30um_50Hz_10_0527-3.csv,0.812,0.88,2048,同じ粒径・日付(30um/0527)の旧xlsxから
30um_50Hz_10_0527.csv,0.812,0.88,2048,旧xlsxから引継ぎ
30um_50Hz_20_0527-2.csv,0.812,0.88,2048,同じ粒径・日付(30um/0527)の旧xlsxから
30um_50Hz_20_0527-3.csv,0.812,0.88,2048,同じ粒径・日付(30um/0527)の旧xlsxから
30um_50Hz_20_0527.csv,0.812,0.88,2048,旧xlsxから引継ぎ
30um_50Hz_30_0527-2.csv,0.812,0.88,2048,同じ粒径・日付(30um/0527)の旧xlsxから
30um_50Hz_30_0527-3.csv,0.812,0.88,2048,同じ粒径・日付(30um/0527)の旧xlsxから
30um_50Hz_30_0527.csv,0.812,0.88,2048,旧xlsxから引継ぎ
30um_50Hz_35_0527-2.csv,0.812,0.88,2048,同じ粒径・日付(30um/0527)の旧xlsxから
30um_50Hz_35_0527-3.csv,0.812,0.88,2048,同じ粒径・日付(30um/0527)の旧xlsxから
30um_50Hz_35_0527.csv,0.812,0.88,2048,旧xlsxから引継ぎ
75um_1000Hz_10_0925.csv,0.78,0.88,2000,旧xlsxから引継ぎ
75um_1000Hz_20_0925.csv,0.78,0.88,2000,旧xlsxから引継ぎ
75um_1000Hz_30_0925.csv,0.78,0.88,2000,旧xlsxから引継ぎ
75um_1000Hz_40_0925.csv,0.78,0.88,2000,旧xlsxから引継ぎ
75um_100Hz_10_0622.csv,0.787,0.88,2048,旧xlsxから引継ぎ
75um_100Hz_20_0622.csv,0.787,0.88,2048,旧xlsxから引継ぎ
75um_100Hz_30_0622.csv,0.787,0.88,2048,旧xlsxから引継ぎ
75um_100Hz_40_0622.csv,0.787,0.88,2048,旧xlsxから引継ぎ
75um_1500Hz_10_0925.csv,0.78,0.88,2000,旧xlsxから引継ぎ
75um_1500Hz_20_0925.csv,0.78,0.88,2000,旧xlsxから引継ぎ
75um_1500Hz_30_0925.csv,0.78,0.88,2000,旧xlsxから引継ぎ
75um_1500Hz_40_0925.csv,0.78,0.88,2000,旧xlsxから引継ぎ
75um_200Hz_10_0622.csv,0.787,0.88,2048,旧xlsxから引継ぎ
75um_200Hz_20_0622.csv,0.787,0.88,2048,旧xlsxから引継ぎ
75um_200Hz_30_0622.csv,0.787,0.88,2048,旧xlsxから引継ぎ
75um_200Hz_40_0622.csv,0.787,0.88,2048,旧xlsxから引継ぎ
75um_300Hz_10_0622.csv,0.787,0.88,2048,旧xlsxから引継ぎ
75um_300Hz_10_0925.csv,0.78,0.88,2000,同じ粒径・日付(75um/0925)の旧xlsxから
75um_300Hz_20_0622.csv,0.787,0.88,2048,旧xlsxから引継ぎ
75um_300Hz_20_0925.csv,0.78,0.88,2000,同じ粒径・日付(75um/0925)の旧xlsxから
75um_300Hz_30_0622.csv,0.787,0.88,2048,旧xlsxから引継ぎ
75um_300Hz_30_0925.csv,0.78,0.88,2000,同じ粒径・日付(75um/0925)の旧xlsxから
75um_300Hz_40_0622.csv,0.787,0.88,2048,旧xlsxから引継ぎ
75um_300Hz_40_0925.csv,0.78,0.88,2000,同じ粒径・日付(75um/0925)の旧xlsxから
75um_500Hz_10_0925.csv,0.78,0.88,2000,旧xlsxから引継ぎ
75um_500Hz_20_0925.csv,0.78,0.88,2000,旧xlsxから引継ぎ
75um_500Hz_30_0925.csv,0.78,0.88,2000,旧xlsxから引継ぎ
75um_500Hz_40_0925.csv,0.78,0.88,2000,旧xlsxから引継ぎ
75um_50Hz_10_0622.csv,0.787,0.88,2048,旧xlsxから引継ぎ
75um_50Hz_20_0622.csv,0.787,0.88,2048,旧xlsxから引継ぎ
75um_50Hz_30_0622.csv,0.787,0.88,2048,旧xlsxから引継ぎ
75um_50Hz_35_0622.csv,0.787,0.88,2048,旧xlsxから引継ぎ
box_1000Hz_10_0925.csv,0,0.88,2000,旧xlsxから引継ぎ
box_1000Hz_20_0925.csv,0,0.88,2000,旧xlsxから引継ぎ
box_1000Hz_30_0925.csv,0,0.88,2000,旧xlsxから引継ぎ
box_1000Hz_40_0925.csv,0,0.88,2000,旧xlsxから引継ぎ
box_100Hz_10_0601.csv,0,0.88,2048,空ボックスなので m_p=0
box_100Hz_20_0601.csv,0,0.88,2048,空ボックスなので m_p=0
box_100Hz_30_0601.csv,0,0.88,2048,空ボックスなので m_p=0
box_100Hz_40_0601.csv,0,0.88,2048,空ボックスなので m_p=0
box_1500Hz_10_0925.csv,0,0.88,2000,旧xlsxから引継ぎ
box_1500Hz_20_0925.csv,0,0.88,2000,旧xlsxから引継ぎ
box_1500Hz_30_0925.csv,0,0.88,2000,旧xlsxから引継ぎ
box_1500Hz_40_0925.csv,0,0.88,2000,旧xlsxから引継ぎ
box_200Hz_10_0601.csv,0,0.88,2048,空ボックスなので m_p=0
box_200Hz_20_0601.csv,0,0.88,2048,空ボックスなので m_p=0
box_200Hz_30_0601.csv,0,0.88,2048,空ボックスなので m_p=0
box_200Hz_40_0601.csv,0,0.88,2048,空ボックスなので m_p=0
box_300Hz_10_0601.csv,0,0.88,2048,空ボックスなので m_p=0
box_300Hz_20_0601.csv,0,0.88,2048,空ボックスなので m_p=0
box_300Hz_30_0601.csv,0,0.88,2048,空ボックスなので m_p=0
box_300Hz_40_0601.csv,0,0.88,2048,空ボックスなので m_p=0
box_50Hz_10_0601.csv,0,0.88,2048,空ボックスなので m_p=0
box_50Hz_20_0601.csv,0,0.88,2048,空ボックスなので m_p=0
box_50Hz_30_0601.csv,0,0.88,2048,空ボックスなので m_p=0
box_50Hz_35_0601.csv,0,0.88,2048,空ボックスなので m_p=0
