old,new,date_source,old_xlsx,m_p,m_c,n_points,param_source
100Hz_1.csv,300um_100Hz_10_0527.csv,更新日時,eta_star_v5_300um_100Hz_10.xlsx,0.677,0.88,2048,旧xlsxから引継ぎ
100Hz_2.csv,300um_100Hz_20_0527.csv,更新日時,eta_star_v5_300um_100Hz_20.xlsx,0.677,0.88,2048,旧xlsxから引継ぎ
100Hz_3.csv,300um_100Hz_30_0527.csv,更新日時,eta_star_v5_300um_100Hz_30.xlsx,0.677,0.88,2048,旧xlsxから引継ぎ
100Hz_4.csv,300um_100Hz_40_0527.csv,更新日時,eta_star_v5_300um_100Hz_40.xlsx,0.677,0.88,2048,旧xlsxから引継ぎ
100um_1000Hz_10.csv,100um_1000Hz_10_0925.csv,更新日時,eta_star_v5_100um_1000Hz_10.xlsx,0.769,0.88,2000,旧xlsxから引継ぎ
100um_1000Hz_10_0926.csv,100um_1000Hz_10_0926.csv,ファイル名,eta_star_v5_100um_1000Hz_10_0926.xlsx,0.78,0.88,2000,旧xlsxから引継ぎ
100um_1000Hz_20.csv,100um_1000Hz_20_0925.csv,更新日時,eta_star_v5_100um_1000Hz_20.xlsx,0.769,0.88,2000,旧xlsxから引継ぎ
100um_1000Hz_20_0926.csv,100um_1000Hz_20_0926.csv,ファイル名,eta_star_v5_100um_1000Hz_20_0926.xlsx,0.78,0.88,2000,旧xlsxから引継ぎ
100um_1000Hz_30.csv,100um_1000Hz_30_0925.csv,更新日時,eta_star_v5_100um_1000Hz_30.xlsx,0.769,0.88,2000,旧xlsxから引継ぎ
100um_1000Hz_30_0926.csv,100um_1000Hz_30_0926.csv,ファイル名,eta_star_v5_100um_1000Hz_30_0926.xlsx,0.78,0.88,2000,旧xlsxから引継ぎ
100um_1000Hz_40.csv,100um_1000Hz_40_0925.csv,更新日時,eta_star_v5_100um_1000Hz_40.xlsx,0.769,0.88,2000,旧xlsxから引継ぎ
100um_1000Hz_40_0926.csv,100um_1000Hz_40_0926.csv,ファイル名,eta_star_v5_100um_1000Hz_40_0926.xlsx,0.78,0.88,2000,旧xlsxから引継ぎ
100um_1000Hz_5_0926.csv,100um_1000Hz_5_0926.csv,ファイル名,eta_star_v5_100um_1000Hz_5_0926.xlsx,0.78,0.88,2000,旧xlsxから引継ぎ
100um_100Hz_10_0926.csv,100um_100Hz_10_0926.csv,ファイル名,eta_star_v5_100um_100Hz_10_0926.xlsx,0.78,0.88,2000,旧xlsxから引継ぎ
100um_100Hz_20_0926.csv,100um_100Hz_20_0926.csv,ファイル名,eta_star_v5_100um_100Hz_20_0926.xlsx,0.78,0.88,2000,旧xlsxから引継ぎ
100um_100Hz_30_0926.csv,100um_100Hz_30_0926.csv,ファイル名,eta_star_v5_100um_100Hz_30_0926.xlsx,0.78,0.88,2000,旧xlsxから引継ぎ
100um_100Hz_40_0926.csv,100um_100Hz_40_0926.csv,ファイル名,eta_star_v5_100um_100Hz_40_0926.xlsx,0.78,0.88,2000,旧xlsxから引継ぎ
100um_100Hz_5_0926.csv,100um_100Hz_5_0926.csv,ファイル名,eta_star_v5_100um_100Hz_5_0926.xlsx,0.78,0.88,2000,旧xlsxから引継ぎ
100um_1500Hz_10.csv,100um_1500Hz_10_0925.csv,更新日時,eta_star_v5_100um_1500Hz_10.xlsx,0.769,0.88,2000,旧xlsxから引継ぎ
100um_1500Hz_10_0926.csv,100um_1500Hz_10_0926.csv,ファイル名,eta_star_v5_100um_1500Hz_10_0926.xlsx,0.78,0.88,2000,旧xlsxから引継ぎ
100um_1500Hz_20.csv,100um_1500Hz_20_0925.csv,更新日時,eta_star_v5_100um_1500Hz_20.xlsx,0.769,0.88,2000,旧xlsxから引継ぎ
100um_1500Hz_20_0926.csv,100um_1500Hz_20_0926.csv,ファイル名,eta_star_v5_100um_1500Hz_20_0926.xlsx,0.78,0.88,2000,旧xlsxから引継ぎ
100um_1500Hz_30.csv,100um_1500Hz_30_0925.csv,更新日時,eta_star_v5_100um_1500Hz_30.xlsx,0.769,0.88,2000,旧xlsxから引継ぎ
100um_1500Hz_30_0926.csv,100um_1500Hz_30_0926.csv,ファイル名,eta_star_v5_100um_1500Hz_30_0926.xlsx,0.78,0.88,2000,旧xlsxから引継ぎ
100um_1500Hz_40.csv,100um_1500Hz_40_0925.csv,更新日時,eta_star_v5_100um_1500Hz_40.xlsx,0.769,0.88,2000,旧xlsxから引継ぎ
100um_1500Hz_40_0926.csv,100um_1500Hz_40_0926.csv,ファイル名,eta_star_v5_100um_1500Hz_40_0926.xlsx,0.78,0.88,2000,旧xlsxから引継ぎ
100um_1500Hz_5_0926.csv,100um_1500Hz_5_0926.csv,ファイル名,eta_star_v5_100um_1500Hz_5_0926.xlsx,0.78,0.88,2000,旧xlsxから引継ぎ
100um_200Hz_10_0926.csv,100um_200Hz_10_0926.csv,ファイル名,eta_star_v5_100um_200Hz_10_0926.xlsx,0.78,0.88,2000,旧xlsxから引継ぎ
100um_200Hz_20_0926.csv,100um_200Hz_20_0926.csv,ファイル名,eta_star_v5_100um_200Hz_20_0926.xlsx,0.78,0.88,2000,旧xlsxから引継ぎ
100um_200Hz_30_0926.csv,100um_200Hz_30_0926.csv,ファイル名,eta_star_v5_100um_200Hz_30_0926.xlsx,0.78,0.88,2000,旧xlsxから引継ぎ
100um_200Hz_40_0926.csv,100um_200Hz_40_0926.csv,ファイル名,eta_star_v5_100um_200Hz_40_0926.xlsx,0.78,0.88,2000,旧xlsxから引継ぎ
100um_200Hz_5_0926.csv,100um_200Hz_5_0926.csv,ファイル名,eta_star_v5_100um_200Hz_5_0926.xlsx,0.78,0.88,2000,旧xlsxから引継ぎ
100um_300Hz_10_0925.csv,100um_300Hz_10_0925.csv,ファイル名,,0.769,0.88,2000,同じ粒径・日付(100um/0925)の旧xlsxから
100um_300Hz_10_0926.csv,100um_300Hz_10_0926.csv,ファイル名,eta_star_v5_100um_300Hz_10_0926.xlsx,0.78,0.88,2000,旧xlsxから引継ぎ
100um_300Hz_20_0925.csv,100um_300Hz_20_0925.csv,ファイル名,,0.769,0.88,2000,同じ粒径・日付(100um/0925)の旧xlsxから
100um_300Hz_20_0926.csv,100um_300Hz_20_0926.csv,ファイル名,eta_star_v5_100um_300Hz_20_0926.xlsx,0.78,0.88,2000,旧xlsxから引継ぎ
100um_300Hz_30_0925.csv,100um_300Hz_30_0925.csv,ファイル名,,0.769,0.88,2000,同じ粒径・日付(100um/0925)の旧xlsxから
100um_300Hz_30_0926.csv,100um_300Hz_30_0926.csv,ファイル名,eta_star_v5_100um_300Hz_30_0926.xlsx,0.78,0.88,2000,旧xlsxから引継ぎ
100um_300Hz_40_0925.csv,100um_300Hz_40_0925.csv,ファイル名,,0.769,0.88,2000,同じ粒径・日付(100um/0925)の旧xlsxから
100um_300Hz_40_0926.csv,100um_300Hz_40_0926.csv,ファイル名,eta_star_v5_100um_300Hz_40_0926.xlsx,0.78,0.88,2000,旧xlsxから引継ぎ
100um_300Hz_5_0926.csv,100um_300Hz_5_0926.csv,ファイル名,eta_star_v5_100um_300Hz_5_0926.xlsx,0.78,0.88,2000,旧xlsxから引継ぎ
100um_400Hz_10_0924.csv,100um_400Hz_10_0924.csv,ファイル名,eta_star_v5_100um_400Hz_10_0924.xlsx,0.78,0.88,2000,旧xlsxから引継ぎ
100um_400Hz_10_0926.csv,100um_400Hz_10_0926.csv,ファイル名,eta_star_v5_100um_400Hz_10_0926.xlsx,0.78,0.88,2000,旧xlsxから引継ぎ
100um_400Hz_20_0924.csv,100um_400Hz_20_0924.csv,ファイル名,eta_star_v5_100um_400Hz_20_0924.xlsx,0.78,0.88,2000,旧xlsxから引継ぎ
100um_400Hz_20_0926.csv,100um_400Hz_20_0926.csv,ファイル名,eta_star_v5_100um_400Hz_20_0926.xlsx,0.78,0.88,2000,旧xlsxから引継ぎ
100um_400Hz_30_0924.csv,100um_400Hz_30_0924.csv,ファイル名,eta_star_v5_100um_400Hz_30_0924.xlsx,0.78,0.88,2000,旧xlsxから引継ぎ
100um_400Hz_30_0926.csv,100um_400Hz_30_0926.csv,ファイル名,eta_star_v5_100um_400Hz_30_0926.xlsx,0.78,0.88,2000,旧xlsxから引継ぎ
100um_400Hz_40_0924.csv,100um_400Hz_40_0924.csv,ファイル名,eta_star_v5_100um_400Hz_40_0924.xlsx,0.78,0.88,2000,旧xlsxから引継ぎ
100um_400Hz_40_0926.csv,100um_400Hz_40_0926.csv,ファイル名,eta_star_v5_100um_400Hz_40_0926.xlsx,0.78,0.88,2000,旧xlsxから引継ぎ
100um_400Hz_5_0926.csv,100um_400Hz_5_0926.csv,ファイル名,eta_star_v5_100um_400Hz_5_0926.xlsx,0.78,0.88,2000,旧xlsxから引継ぎ
100um_500Hz_10.csv,100um_500Hz_10_0925.csv,更新日時,eta_star_v5_100um_500Hz_10.xlsx,0.769,0.88,2000,旧xlsxから引継ぎ
100um_500Hz_10_0926.csv,100um_500Hz_10_0926.csv,ファイル名,eta_star_v5_100um_500Hz_10_0926.xlsx,0.78,0.88,2000,旧xlsxから引継ぎ
100um_500Hz_20.csv,100um_500Hz_20_0925.csv,更新日時,eta_star_v5_100um_500Hz_20.xlsx,0.769,0.88,2000,旧xlsxから引継ぎ
100um_500Hz_20_0926.csv,100um_500Hz_20_0926.csv,ファイル名,eta_star_v5_100um_500Hz_20_0926.xlsx,0.78,0.88,2000,旧xlsxから引継ぎ
100um_500Hz_30.csv,100um_500Hz_30_0925.csv,更新日時,eta_star_v5_100um_500Hz_30.xlsx,0.769,0.88,2000,旧xlsxから引継ぎ
100um_500Hz_30_0926.csv,100um_500Hz_30_0926.csv,ファイル名,eta_star_v5_100um_500Hz_30_0926.xlsx,0.78,0.88,2000,旧xlsxから引継ぎ
100um_500Hz_40.csv,100um_500Hz_40_0925.csv,更新日時,eta_star_v5_100um_500Hz_40.xlsx,0.769,0.88,2000,旧xlsxから引継ぎ
100um_500Hz_40_0926.csv,100um_500Hz_40_0926.csv,ファイル名,eta_star_v5_100um_500Hz_40_0926.xlsx,0.78,0.88,2000,旧xlsxから引継ぎ
100um_500Hz_5_0926.csv,100um_500Hz_5_0926.csv,ファイル名,eta_star_v5_100um_500Hz_5_0926.xlsx,0.78,0.88,2000,旧xlsxから引継ぎ
100um_50Hz_10_0926.csv,100um_50Hz_10_0926.csv,ファイル名,eta_star_v5_100um_50Hz_10_0926.xlsx,0.78,0.88,2000,旧xlsxから引継ぎ
100um_50Hz_20_0926.csv,100um_50Hz_20_0926.csv,ファイル名,eta_star_v5_100um_50Hz_20_0926.xlsx,0.78,0.88,2000,旧xlsxから引継ぎ
100um_50Hz_30_0926.csv,100um_50Hz_30_0926.csv,ファイル名,eta_star_v5_100um_50Hz_30_0926.xlsx,0.78,0.88,2000,旧xlsxから引継ぎ
100um_50Hz_35_0926.csv,100um_50Hz_35_0926.csv,ファイル名,eta_star_v5_100um_50Hz_35_0926.xlsx,0.78,0.88,2000,旧xlsxから引継ぎ
100um_50Hz_5_0926.csv,100um_50Hz_5_0926.csv,ファイル名,eta_star_v5_100um_50Hz_5_0926.xlsx,0.78,0.88,2000,旧xlsxから引継ぎ
100um_700Hz_10_0926.csv,100um_700Hz_10_0926.csv,ファイル名,eta_star_v5_100um_700Hz_10_0926.xlsx,0.78,0.88,2000,旧xlsxから引継ぎ
100um_700Hz_20_0926.csv,100um_700Hz_20_0926.csv,ファイル名,eta_star_v5_100um_700Hz_20_0926.xlsx,0.78,0.88,2000,旧xlsxから引継ぎ
100um_700Hz_30_0926.csv,100um_700Hz_30_0926.csv,ファイル名,eta_star_v5_100um_700Hz_30_0926.xlsx,0.78,0.88,2000,旧xlsxから引継ぎ
100um_700Hz_40_0926.csv,100um_700Hz_40_0926.csv,ファイル名,eta_star_v5_100um_700Hz_40_0926.xlsx,0.78,0.88,2000,旧xlsxから引継ぎ
100um_700Hz_5_0926.csv,100um_700Hz_5_0926.csv,ファイル名,eta_star_v5_100um_700Hz_5_0926.xlsx,0.78,0.88,2000,旧xlsxから引継ぎ
100um_75Hz_10_0924.csv,100um_75Hz_10_0924.csv,ファイル名,eta_star_v5_100um_75Hz_10_0924.xlsx,0.78,0.88,1600,旧xlsxから引継ぎ
100um_75Hz_10_0926.csv,100um_75Hz_10_0926.csv,ファイル名,eta_star_v5_100um_75Hz_10_0926.xlsx,0.78,0.88,1600,旧xlsxから引継ぎ
100um_75Hz_20_0924.csv,100um_75Hz_20_0924.csv,ファイル名,eta_star_v5_100um_75Hz_20_0924.xlsx,0.78,0.88,1600,旧xlsxから引継ぎ
100um_75Hz_20_0926.csv,100um_75Hz_20_0926.csv,ファイル名,eta_star_v5_100um_75Hz_20_0926.xlsx,0.78,0.88,1600,旧xlsxから引継ぎ
100um_75Hz_30_0924.csv,100um_75Hz_30_0924.csv,ファイル名,eta_star_v5_100um_75Hz_30_0924.xlsx,0.78,0.88,1600,旧xlsxから引継ぎ
100um_75Hz_30_0926.csv,100um_75Hz_30_0926.csv,ファイル名,eta_star_v5_100um_75Hz_30_0926.xlsx,0.78,0.88,1600,旧xlsxから引継ぎ
100um_75Hz_40_0924.csv,100um_75Hz_40_0924.csv,ファイル名,eta_star_v5_100um_75Hz_40_0924.xlsx,0.78,0.88,1600,旧xlsxから引継ぎ
100um_75Hz_40_0926.csv,100um_75Hz_40_0926.csv,ファイル名,eta_star_v5_100um_75Hz_40_0926.xlsx,0.78,0.88,1600,旧xlsxから引継ぎ
100um_75Hz_5_0926.csv,100um_75Hz_5_0926.csv,ファイル名,eta_star_v5_100um_75Hz_5_0926.xlsx,0.78,0.88,1600,旧xlsxから引継ぎ
200Hz_1.csv,300um_200Hz_10_0527.csv,更新日時,eta_star_v5_300um_200Hz_10.xlsx,0.677,0.88,2048,旧xlsxから引継ぎ
200Hz_2.csv,300um_200Hz_20_0527.csv,更新日時,eta_star_v5_300um_200Hz_20.xlsx,0.677,0.88,2048,旧xlsxから引継ぎ
200Hz_3.csv,300um_200Hz_30_0527.csv,更新日時,eta_star_v5_300um_200Hz_30.xlsx,0.677,0.88,2048,旧xlsxから引継ぎ
200Hz_4.csv,300um_200Hz_40_0527.csv,更新日時,eta_star_v5_300um_200Hz_40.xlsx,0.677,0.88,2048,旧xlsxから引継ぎ
200um_1000Hz_10.csv,200um_1000Hz_10_0925.csv,更新日時,eta_star_v5_200um_1000Hz_10.xlsx,0.77,0.88,2000,旧xlsxから引継ぎ
200um_1000Hz_20.csv,200um_1000Hz_20_0925.csv,更新日時,eta_star_v5_200um_1000Hz_20.xlsx,0.77,0.88,2000,旧xlsxから引継ぎ
200um_1000Hz_30.csv,200um_1000Hz_30_0925.csv,更新日時,eta_star_v5_200um_1000Hz_30.xlsx,0.77,0.88,2000,旧xlsxから引継ぎ
200um_1000Hz_40.csv,200um_1000Hz_40_0925.csv,更新日時,eta_star_v5_200um_1000Hz_40.xlsx,0.77,0.88,2000,旧xlsxから引継ぎ
200um_1500Hz_10.csv,200um_1500Hz_10_0925.csv,更新日時,eta_star_v5_200um_1500Hz_10.xlsx,0.77,0.88,2000,旧xlsxから引継ぎ
200um_1500Hz_20.csv,200um_1500Hz_20_0925.csv,更新日時,eta_star_v5_200um_1500Hz_20.xlsx,0.77,0.88,2000,旧xlsxから引継ぎ
200um_1500Hz_30.csv,200um_1500Hz_30_0925.csv,更新日時,eta_star_v5_200um_1500Hz_30.xlsx,0.77,0.88,2000,旧xlsxから引継ぎ
200um_1500Hz_40.csv,200um_1500Hz_40_0925.csv,更新日時,eta_star_v5_200um_1500Hz_40.xlsx,0.77,0.88,2000,旧xlsxから引継ぎ
200um_300Hz_10_0925.csv,200um_300Hz_10_0925.csv,ファイル名,,0.77,0.88,2000,同じ粒径・日付(200um/0925)の旧xlsxから
200um_300Hz_20_0925.csv,200um_300Hz_20_0925.csv,ファイル名,,0.77,0.88,2000,同じ粒径・日付(200um/0925)の旧xlsxから
200um_300Hz_30_0925.csv,200um_300Hz_30_0925.csv,ファイル名,,0.77,0.88,2000,同じ粒径・日付(200um/0925)の旧xlsxから
200um_300Hz_40_0925.csv,200um_300Hz_40_0925.csv,ファイル名,,0.77,0.88,2000,同じ粒径・日付(200um/0925)の旧xlsxから
200um_500Hz_10.csv,200um_500Hz_10_0925.csv,更新日時,eta_star_v5_200um_500Hz_10.xlsx,0.77,0.88,2000,旧xlsxから引継ぎ
200um_500Hz_20.csv,200um_500Hz_20_0925.csv,更新日時,eta_star_v5_200um_500Hz_20.xlsx,0.77,0.88,2000,旧xlsxから引継ぎ
200um_500Hz_30.csv,200um_500Hz_30_0925.csv,更新日時,eta_star_v5_200um_500Hz_30.xlsx,0.77,0.88,2000,旧xlsxから引継ぎ
200um_500Hz_40.csv,200um_500Hz_40_0925.csv,更新日時,eta_star_v5_200um_500Hz_40.xlsx,0.77,0.88,2000,旧xlsxから引継ぎ
300Hz_1.csv,300um_300Hz_10_0527.csv,更新日時,eta_star_v5_300um_300Hz_10.xlsx,0.677,0.88,2048,旧xlsxから引継ぎ
300Hz_2.csv,300um_300Hz_20_0527.csv,更新日時,eta_star_v5_300um_300Hz_20.xlsx,0.677,0.88,2048,旧xlsxから引継ぎ
300Hz_3.csv,300um_300Hz_30_0527.csv,更新日時,eta_star_v5_300um_300Hz_30.xlsx,0.677,0.88,2048,旧xlsxから引継ぎ
300Hz_4.csv,300um_300Hz_40_0527.csv,更新日時,eta_star_v5_300um_300Hz_40.xlsx,0.677,0.88,2048,旧xlsxから引継ぎ
300um_1000Hz_10.csv,300um_1000Hz_10_0925.csv,更新日時,eta_star_v5_300um_1000Hz_10.xlsx,0.754,0.88,2000,旧xlsxから引継ぎ
300um_1000Hz_20.csv,300um_1000Hz_20_0925.csv,更新日時,eta_star_v5_300um_1000Hz_20.xlsx,0.754,0.88,2000,旧xlsxから引継ぎ
300um_1000Hz_30.csv,300um_1000Hz_30_0925.csv,更新日時,eta_star_v5_300um_1000Hz_30.xlsx,0.754,0.88,2000,旧xlsxから引継ぎ
300um_1000Hz_40.csv,300um_1000Hz_40_0925.csv,更新日時,eta_star_v5_300um_1000Hz_40.xlsx,0.754,0.88,2000,旧xlsxから引継ぎ
300um_1500Hz_10.csv,300um_1500Hz_10_0925.csv,更新日時,eta_star_v5_300um_1500Hz_10.xlsx,0.754,0.88,2000,旧xlsxから引継ぎ
300um_1500Hz_20.csv,300um_1500Hz_20_0925.csv,更新日時,eta_star_v5_300um_1500Hz_20.xlsx,0.754,0.88,2000,旧xlsxから引継ぎ
300um_1500Hz_30.csv,300um_1500Hz_30_0925.csv,更新日時,eta_star_v5_300um_1500Hz_30.xlsx,0.754,0.88,2000,旧xlsxから引継ぎ
300um_1500Hz_40.csv,300um_1500Hz_40_0925.csv,更新日時,eta_star_v5_300um_1500Hz_40.xlsx,0.754,0.88,2000,旧xlsxから引継ぎ
300um_300Hz_10_0925.csv,300um_300Hz_10_0925.csv,ファイル名,,0.754,0.88,2000,同じ粒径・日付(300um/0925)の旧xlsxから
300um_300Hz_20_0925.csv,300um_300Hz_20_0925.csv,ファイル名,,0.754,0.88,2000,同じ粒径・日付(300um/0925)の旧xlsxから
300um_300Hz_30_0925.csv,300um_300Hz_30_0925.csv,ファイル名,,0.754,0.88,2000,同じ粒径・日付(300um/0925)の旧xlsxから
300um_300Hz_40_0925.csv,300um_300Hz_40_0925.csv,ファイル名,,0.754,0.88,2000,同じ粒径・日付(300um/0925)の旧xlsxから
300um_400Hz_10.csv,300um_400Hz_10_0924.csv,ユーザー指定,,,0.88,2000,未定(候補: なし)
300um_400Hz_20.csv,300um_400Hz_20_0924.csv,ユーザー指定,,,0.88,2000,未定(候補: なし)
300um_400Hz_30.csv,300um_400Hz_30_0924.csv,ユーザー指定,,,0.88,2000,未定(候補: なし)
300um_400Hz_40.csv,300um_400Hz_40_0924.csv,ユーザー指定,,,0.88,2000,未定(候補: なし)
300um_500Hz_10.csv,300um_500Hz_10_0925.csv,更新日時,eta_star_v5_300um_500Hz_10.xlsx,0.754,0.88,2000,旧xlsxから引継ぎ
300um_500Hz_20.csv,300um_500Hz_20_0925.csv,更新日時,eta_star_v5_300um_500Hz_20.xlsx,0.754,0.88,2000,旧xlsxから引継ぎ
300um_500Hz_30.csv,300um_500Hz_30_0925.csv,更新日時,eta_star_v5_300um_500Hz_30.xlsx,0.754,0.88,2000,旧xlsxから引継ぎ
300um_500Hz_40.csv,300um_500Hz_40_0925.csv,更新日時,eta_star_v5_300um_500Hz_40.xlsx,0.754,0.88,2000,旧xlsxから引継ぎ
300um_700Hz_10.csv,300um_700Hz_10_0924.csv,ユーザー指定,,,0.88,2000,未定(候補: なし)
300um_700Hz_20.csv,300um_700Hz_20_0924.csv,ユーザー指定,,,0.88,2000,未定(候補: なし)
300um_700Hz_30.csv,300um_700Hz_30_0924.csv,ユーザー指定,,,0.88,2000,未定(候補: なし)
300um_700Hz_40.csv,300um_700Hz_40_0924.csv,ユーザー指定,,,0.88,2000,未定(候補: なし)
300um_75Hz_10.csv,300um_75Hz_10_0924.csv,ユーザー指定,,,0.88,1600,未定(候補: なし)
300um_75Hz_20.csv,300um_75Hz_20_0924.csv,ユーザー指定,,,0.88,1600,未定(候補: なし)
300um_75Hz_30.csv,300um_75Hz_30_0924.csv,ユーザー指定,,,0.88,1600,未定(候補: なし)
300um_75Hz_40.csv,300um_75Hz_40_0924.csv,ユーザー指定,,,0.88,1600,未定(候補: なし)
30um_1000Hz_10.csv,30um_1000Hz_10_0925.csv,更新日時,eta_star_v5_30um_1000Hz_10.xlsx,0.78,0.88,2000,旧xlsxから引継ぎ
30um_1000Hz_20.csv,30um_1000Hz_20_0925.csv,更新日時,eta_star_v5_30um_1000Hz_20.xlsx,0.78,0.88,2000,旧xlsxから引継ぎ
30um_1000Hz_30.csv,30um_1000Hz_30_0925.csv,更新日時,eta_star_v5_30um_1000Hz_30.xlsx,0.78,0.88,2000,旧xlsxから引継ぎ
30um_1000Hz_40.csv,30um_1000Hz_40_0925.csv,更新日時,eta_star_v5_30um_1000Hz_40.xlsx,0.78,0.88,2000,旧xlsxから引継ぎ
30um_1500Hz_10.csv,30um_1500Hz_10_0925.csv,更新日時,eta_star_v5_30um_1500Hz_10.xlsx,0.78,0.88,2000,旧xlsxから引継ぎ
30um_1500Hz_20.csv,30um_1500Hz_20_0925.csv,更新日時,eta_star_v5_30um_1500Hz_20.xlsx,0.78,0.88,2000,旧xlsxから引継ぎ
30um_1500Hz_30.csv,30um_1500Hz_30_0925.csv,更新日時,eta_star_v5_30um_1500Hz_30.xlsx,0.78,0.88,2000,旧xlsxから引継ぎ
30um_1500Hz_40.csv,30um_1500Hz_40_0925.csv,更新日時,eta_star_v5_30um_1500Hz_40.xlsx,0.78,0.88,2000,旧xlsxから引継ぎ
30um_300Hz_10_0925.csv,30um_300Hz_10_0925.csv,ファイル名,,0.78,0.88,2000,同じ粒径・日付(30um/0925)の旧xlsxから
30um_300Hz_20_0925.csv,30um_300Hz_20_0925.csv,ファイル名,,0.78,0.88,2000,同じ粒径・日付(30um/0925)の旧xlsxから
30um_300Hz_30_0925.csv,30um_300Hz_30_0925.csv,ファイル名,,0.78,0.88,2000,同じ粒径・日付(30um/0925)の旧xlsxから
30um_300Hz_40_0925.csv,30um_300Hz_40_0925.csv,ファイル名,,0.78,0.88,2000,同じ粒径・日付(30um/0925)の旧xlsxから
30um_500Hz_10.csv,30um_500Hz_10_0925.csv,更新日時,eta_star_v5_30um_500Hz_10.xlsx,0.78,0.88,2000,旧xlsxから引継ぎ
30um_500Hz_20.csv,30um_500Hz_20_0925.csv,更新日時,eta_star_v5_30um_500Hz_20.xlsx,0.78,0.88,2000,旧xlsxから引継ぎ
30um_500Hz_30.csv,30um_500Hz_30_0925.csv,更新日時,eta_star_v5_30um_500Hz_30.xlsx,0.78,0.88,2000,旧xlsxから引継ぎ
30um_500Hz_40.csv,30um_500Hz_40_0925.csv,更新日時,eta_star_v5_30um_500Hz_40.xlsx,0.78,0.88,2000,旧xlsxから引継ぎ
50Hz_1.csv,300um_50Hz_10_0527.csv,同じ組(50Hz_2〜)に合わせた(更新日時はExcel再保存日),eta_star_v5_300um_50Hz_10.xlsx,0.677,0.88,2048,旧xlsxから引継ぎ
50Hz_2.csv,300um_50Hz_20_0527.csv,更新日時,eta_star_v5_300um_50Hz_20.xlsx,0.677,0.88,2048,旧xlsxから引継ぎ
50Hz_3.csv,300um_50Hz_30_0527.csv,更新日時,eta_star_v5_300um_50Hz_30.xlsx,0.677,0.88,2048,旧xlsxから引継ぎ
50Hz_35.csv,300um_50Hz_35_0527.csv,更新日時,eta_star_v5_300um_50Hz_35.xlsx,0.677,0.88,2048,旧xlsxから引継ぎ
75um_1000Hz_10.csv,75um_1000Hz_10_0925.csv,更新日時,eta_star_v5_75um_1000Hz_10.xlsx,0.78,0.88,2000,旧xlsxから引継ぎ
75um_1000Hz_20.csv,75um_1000Hz_20_0925.csv,更新日時,eta_star_v5_75um_1000Hz_20.xlsx,0.78,0.88,2000,旧xlsxから引継ぎ
75um_1000Hz_30.csv,75um_1000Hz_30_0925.csv,更新日時,eta_star_v5_75um_1000Hz_30.xlsx,0.78,0.88,2000,旧xlsxから引継ぎ
75um_1000Hz_40.csv,75um_1000Hz_40_0925.csv,更新日時,eta_star_v5_75um_1000Hz_40.xlsx,0.78,0.88,2000,旧xlsxから引継ぎ
75um_1500Hz_10.csv,75um_1500Hz_10_0925.csv,更新日時,eta_star_v5_75um_1500Hz_10.xlsx,0.78,0.88,2000,旧xlsxから引継ぎ
75um_1500Hz_20.csv,75um_1500Hz_20_0925.csv,更新日時,eta_star_v5_75um_1500Hz_20.xlsx,0.78,0.88,2000,旧xlsxから引継ぎ
75um_1500Hz_30.csv,75um_1500Hz_30_0925.csv,更新日時,eta_star_v5_75um_1500Hz_30.xlsx,0.78,0.88,2000,旧xlsxから引継ぎ
75um_1500Hz_40.csv,75um_1500Hz_40_0925.csv,更新日時,eta_star_v5_75um_1500Hz_40.xlsx,0.78,0.88,2000,旧xlsxから引継ぎ
75um_300Hz_10_0925.csv,75um_300Hz_10_0925.csv,ファイル名,,0.78,0.88,2000,同じ粒径・日付(75um/0925)の旧xlsxから
75um_300Hz_20_0925.csv,75um_300Hz_20_0925.csv,ファイル名,,0.78,0.88,2000,同じ粒径・日付(75um/0925)の旧xlsxから
75um_300Hz_30_0925.csv,75um_300Hz_30_0925.csv,ファイル名,,0.78,0.88,2000,同じ粒径・日付(75um/0925)の旧xlsxから
75um_300Hz_40_0925.csv,75um_300Hz_40_0925.csv,ファイル名,,0.78,0.88,2000,同じ粒径・日付(75um/0925)の旧xlsxから
75um_500Hz_10.csv,75um_500Hz_10_0925.csv,更新日時,eta_star_v5_75um_500Hz_10.xlsx,0.78,0.88,2000,旧xlsxから引継ぎ
75um_500Hz_20.csv,75um_500Hz_20_0925.csv,更新日時,eta_star_v5_75um_500Hz_20.xlsx,0.78,0.88,2000,旧xlsxから引継ぎ
75um_500Hz_30.csv,75um_500Hz_30_0925.csv,更新日時,eta_star_v5_75um_500Hz_30.xlsx,0.78,0.88,2000,旧xlsxから引継ぎ
75um_500Hz_40.csv,75um_500Hz_40_0925.csv,更新日時,eta_star_v5_75um_500Hz_40.xlsx,0.78,0.88,2000,旧xlsxから引継ぎ
Box_100Hz_1.csv,box_100Hz_10_0601.csv,ユーザー指定,,0,0.88,2048,空ボックスなので m_p=0
Box_100Hz_2.csv,box_100Hz_20_0601.csv,ユーザー指定,,0,0.88,2048,空ボックスなので m_p=0
Box_100Hz_3.csv,box_100Hz_30_0601.csv,ユーザー指定,,0,0.88,2048,空ボックスなので m_p=0
Box_100Hz_4.csv,box_100Hz_40_0601.csv,ユーザー指定,,0,0.88,2048,空ボックスなので m_p=0
Box_200Hz_1.csv,box_200Hz_10_0601.csv,ユーザー指定,,0,0.88,2048,空ボックスなので m_p=0
Box_200Hz_2.csv,box_200Hz_20_0601.csv,ユーザー指定,,0,0.88,2048,空ボックスなので m_p=0
Box_200Hz_3.csv,box_200Hz_30_0601.csv,ユーザー指定,,0,0.88,2048,空ボックスなので m_p=0
Box_200Hz_4.csv,box_200Hz_40_0601.csv,ユーザー指定,,0,0.88,2048,空ボックスなので m_p=0
Box_300Hz_1.csv,box_300Hz_10_0601.csv,ユーザー指定,,0,0.88,2048,空ボックスなので m_p=0
Box_300Hz_2.csv,box_300Hz_20_0601.csv,ユーザー指定,,0,0.88,2048,空ボックスなので m_p=0
Box_300Hz_3.csv,box_300Hz_30_0601.csv,ユーザー指定,,0,0.88,2048,空ボックスなので m_p=0
Box_300Hz_4.csv,box_300Hz_40_0601.csv,ユーザー指定,,0,0.88,2048,空ボックスなので m_p=0
Box_50Hz_1.csv,box_50Hz_10_0601.csv,ユーザー指定,,0,0.88,2048,空ボックスなので m_p=0
Box_50Hz_2.csv,box_50Hz_20_0601.csv,ユーザー指定,,0,0.88,2048,空ボックスなので m_p=0
Box_50Hz_3.csv,box_50Hz_30_0601.csv,ユーザー指定,,0,0.88,2048,空ボックスなので m_p=0
Box_50Hz_35.csv,box_50Hz_35_0601.csv,ユーザー指定,,0,0.88,2048,空ボックスなので m_p=0
D100_100Hz_1.csv,100um_100Hz_10_0527.csv,更新日時,eta_star_v5_100um_100Hz_10.xlsx,0.804,0.88,2048,旧xlsxから引継ぎ
D100_100Hz_2.csv,100um_100Hz_20_0527.csv,更新日時,eta_star_v5_100um_100Hz_20.xlsx,0.804,0.88,2048,旧xlsxから引継ぎ
D100_100Hz_3.csv,100um_100Hz_30_0527.csv,更新日時,eta_star_v5_100um_100Hz_30.xlsx,0.804,0.88,2048,旧xlsxから引継ぎ
D100_100Hz_4.csv,100um_100Hz_40_0527.csv,更新日時,eta_star_v5_100um_100Hz_40.xlsx,0.804,0.88,2048,旧xlsxから引継ぎ
D100_200Hz_1.csv,100um_200Hz_10_0527.csv,更新日時,eta_star_v5_100um_200Hz_10.xlsx,0.804,0.88,2048,旧xlsxから引継ぎ
D100_200Hz_2.csv,100um_200Hz_20_0527.csv,更新日時,eta_star_v5_100um_200Hz_20.xlsx,0.804,0.88,2048,旧xlsxから引継ぎ
D100_200Hz_3-2.csv,100um_200Hz_30_0527-2.csv,更新日時,eta_star_v5_100um_200Hz_30.xlsx,0.804,0.88,2048,旧xlsxから引継ぎ
D100_200Hz_3.csv,100um_200Hz_30_0527.csv,更新日時,,0.804,0.88,2048,同じ粒径・日付(100um/0527)の旧xlsxから
D100_200Hz_4-2.csv,100um_200Hz_40_0527-2.csv,更新日時,,0.804,0.88,2048,同じ粒径・日付(100um/0527)の旧xlsxから
D100_200Hz_4-3.csv,100um_200Hz_40_0527-3.csv,更新日時,,0.804,0.88,2048,同じ粒径・日付(100um/0527)の旧xlsxから
D100_200Hz_4.csv,100um_200Hz_40_0527.csv,更新日時,eta_star_v5_100um_200Hz_40.xlsx,0.804,0.88,2048,旧xlsxから引継ぎ
D100_300Hz_1-2.csv,100um_300Hz_10_0527-2.csv,更新日時,,0.804,0.88,2048,同じ粒径・日付(100um/0527)の旧xlsxから
D100_300Hz_1-3.csv,100um_300Hz_10_0527-3.csv,更新日時,,0.804,0.88,2048,同じ粒径・日付(100um/0527)の旧xlsxから
D100_300Hz_1.csv,100um_300Hz_10_0527.csv,更新日時,eta_star_v5_100um_300Hz_10.xlsx,0.804,0.88,2048,旧xlsxから引継ぎ
D100_300Hz_2-2.csv,100um_300Hz_20_0527-2.csv,更新日時,,0.804,0.88,2048,同じ粒径・日付(100um/0527)の旧xlsxから
D100_300Hz_2-3.csv,100um_300Hz_20_0527-3.csv,更新日時,,0.804,0.88,2048,同じ粒径・日付(100um/0527)の旧xlsxから
D100_300Hz_2.csv,100um_300Hz_20_0527.csv,更新日時,eta_star_v5_100um_300Hz_20.xlsx,0.804,0.88,2048,旧xlsxから引継ぎ
D100_300Hz_3-2.csv,100um_300Hz_30_0527-2.csv,更新日時,,0.804,0.88,2048,同じ粒径・日付(100um/0527)の旧xlsxから
D100_300Hz_3-3.csv,100um_300Hz_30_0527-3.csv,更新日時,,0.804,0.88,2048,同じ粒径・日付(100um/0527)の旧xlsxから
D100_300Hz_3.csv,100um_300Hz_30_0527.csv,更新日時,eta_star_v5_100um_300Hz_30.xlsx,0.804,0.88,2048,旧xlsxから引継ぎ
D100_300Hz_4-1.csv,100um_300Hz_40_0527-1.csv,更新日時,,0.804,0.88,2048,同じ粒径・日付(100um/0527)の旧xlsxから
D100_300Hz_4-3.csv,100um_300Hz_40_0527-3.csv,更新日時,,0.804,0.88,2048,同じ粒径・日付(100um/0527)の旧xlsxから
D100_300Hz_4.csv,100um_300Hz_40_0527.csv,更新日時,eta_star_v5_100um_300Hz_40.xlsx,0.804,0.88,2048,旧xlsxから引継ぎ
D100_50Hz_1.csv,100um_50Hz_10_0527.csv,更新日時,eta_star_v5_100um_50Hz_10.xlsx,0.804,0.88,2048,旧xlsxから引継ぎ
D100_50Hz_2.csv,100um_50Hz_20_0527.csv,更新日時,eta_star_v5_100um_50Hz_20.xlsx,0.804,0.88,2048,旧xlsxから引継ぎ
D100_50Hz_3.csv,100um_50Hz_30_0527.csv,更新日時,eta_star_v5_100um_50Hz_30.xlsx,0.804,0.88,2048,旧xlsxから引継ぎ
D100_50Hz_35.csv,100um_50Hz_35_0527.csv,更新日時,eta_star_v5_100um_50Hz_35.xlsx,0.804,0.88,2048,旧xlsxから引継ぎ
D200_100Hz_1-1.csv,200um_100Hz_10_0622.csv,更新日時,eta_star_v5_200um_100Hz_10.xlsx,0.787,0.88,2048,旧xlsxから引継ぎ
D200_100Hz_2-1.csv,200um_100Hz_20_0622.csv,更新日時,eta_star_v5_200um_100Hz_20.xlsx,0.787,0.88,2048,旧xlsxから引継ぎ
D200_100Hz_3-1.csv,200um_100Hz_30_0622.csv,更新日時,eta_star_v5_200um_100Hz_30.xlsx,0.787,0.88,2048,旧xlsxから引継ぎ
D200_100Hz_4-1.csv,200um_100Hz_40_0622.csv,更新日時,eta_star_v5_200um_100Hz_40.xlsx,0.787,0.88,2048,旧xlsxから引継ぎ
D200_200Hz_1-1.csv,200um_200Hz_10_0622.csv,更新日時,eta_star_v5_200um_200Hz_10.xlsx,0.787,0.88,2048,旧xlsxから引継ぎ
D200_200Hz_2-1.csv,200um_200Hz_20_0622.csv,更新日時,eta_star_v5_200um_200Hz_20.xlsx,0.787,0.88,2048,旧xlsxから引継ぎ
D200_200Hz_3-1.csv,200um_200Hz_30_0622.csv,更新日時,eta_star_v5_200um_200Hz_30.xlsx,0.787,0.88,2048,旧xlsxから引継ぎ
D200_200Hz_4-1.csv,200um_200Hz_40_0622.csv,更新日時,eta_star_v5_200um_200Hz_40.xlsx,0.787,0.88,2048,旧xlsxから引継ぎ
D200_300Hz_1-1.csv,200um_300Hz_10_0622.csv,更新日時,eta_star_v5_200um_300Hz_10.xlsx,0.787,0.88,2048,旧xlsxから引継ぎ
D200_300Hz_2-1.csv,200um_300Hz_20_0622.csv,更新日時,eta_star_v5_200um_300Hz_20.xlsx,0.787,0.88,2048,旧xlsxから引継ぎ
D200_300Hz_3-1.csv,200um_300Hz_30_0622.csv,更新日時,eta_star_v5_200um_300Hz_30.xlsx,0.787,0.88,2048,旧xlsxから引継ぎ
D200_300Hz_4-1.csv,200um_300Hz_40_0622.csv,更新日時,eta_star_v5_200um_300Hz_40.xlsx,0.787,0.88,2048,旧xlsxから引継ぎ
D200_50Hz_1-1.csv,200um_50Hz_10_0622.csv,更新日時,eta_star_v5_200um_50Hz_10.xlsx,0.787,0.88,2048,旧xlsxから引継ぎ
D200_50Hz_2-1.csv,200um_50Hz_20_0622.csv,更新日時,eta_star_v5_200um_50Hz_20.xlsx,0.812,0.88,2048,旧xlsxから引継ぎ
D200_50Hz_3-1.csv,200um_50Hz_30_0622.csv,更新日時,eta_star_v5_200um_50Hz_30.xlsx,0.787,0.88,2048,旧xlsxから引継ぎ
D200_50Hz_35-1.csv,200um_50Hz_35_0622.csv,更新日時,eta_star_v5_200um_50Hz_35.xlsx,0.787,0.88,2048,旧xlsxから引継ぎ
D30_100Hz_1-1.csv,30um_100Hz_10_0527.csv,更新日時,eta_star_v5_30um_100Hz_10.xlsx,0.812,0.88,2048,旧xlsxから引継ぎ
D30_100Hz_1-2.csv,30um_100Hz_10_0527-2.csv,更新日時,,0.812,0.88,2048,同じ粒径・日付(30um/0527)の旧xlsxから
D30_100Hz_1-3.csv,30um_100Hz_10_0527-3.csv,更新日時,,0.812,0.88,2048,同じ粒径・日付(30um/0527)の旧xlsxから
D30_100Hz_2-1.csv,30um_100Hz_20_0527.csv,更新日時,eta_star_v5_30um_100Hz_20.xlsx,0.812,0.88,2048,旧xlsxから引継ぎ
D30_100Hz_2-2.csv,30um_100Hz_20_0527-2.csv,更新日時,,0.812,0.88,2048,同じ粒径・日付(30um/0527)の旧xlsxから
D30_100Hz_2-3.csv,30um_100Hz_20_0527-3.csv,更新日時,,0.812,0.88,2048,同じ粒径・日付(30um/0527)の旧xlsxから
D30_100Hz_3-1.csv,30um_100Hz_30_0527.csv,更新日時,eta_star_v5_30um_100Hz_30.xlsx,0.812,0.88,2048,旧xlsxから引継ぎ
D30_100Hz_3-2.csv,30um_100Hz_30_0527-2.csv,更新日時,,0.812,0.88,2048,同じ粒径・日付(30um/0527)の旧xlsxから
D30_100Hz_3-3.csv,30um_100Hz_30_0527-3.csv,更新日時,,0.812,0.88,2048,同じ粒径・日付(30um/0527)の旧xlsxから
D30_100Hz_4-1.csv,30um_100Hz_40_0527.csv,更新日時,eta_star_v5_30um_100Hz_40.xlsx,0.812,0.88,2048,旧xlsxから引継ぎ
D30_100Hz_4-2.csv,30um_100Hz_40_0527-2.csv,更新日時,,0.812,0.88,2048,同じ粒径・日付(30um/0527)の旧xlsxから
D30_100Hz_4-3.csv,30um_100Hz_40_0527-3.csv,更新日時,,0.812,0.88,2048,同じ粒径・日付(30um/0527)の旧xlsxから
D30_200Hz_1-1.csv,30um_200Hz_10_0527.csv,更新日時,eta_star_v5_30um_200Hz_10.xlsx,0.812,0.88,2048,旧xlsxから引継ぎ
D30_200Hz_1-2.csv,30um_200Hz_10_0527-2.csv,更新日時,,0.812,0.88,2048,同じ粒径・日付(30um/0527)の旧xlsxから
D30_200Hz_1-3.csv,30um_200Hz_10_0527-3.csv,更新日時,,0.812,0.88,2048,同じ粒径・日付(30um/0527)の旧xlsxから
D30_200Hz_2-1.csv,30um_200Hz_20_0527.csv,更新日時,eta_star_v5_30um_200Hz_20.xlsx,0.812,0.88,2048,旧xlsxから引継ぎ
D30_200Hz_2-2.csv,30um_200Hz_20_0527-2.csv,更新日時,,0.812,0.88,2048,同じ粒径・日付(30um/0527)の旧xlsxから
D30_200Hz_2-3.csv,30um_200Hz_20_0527-3.csv,更新日時,,0.812,0.88,2048,同じ粒径・日付(30um/0527)の旧xlsxから
D30_200Hz_3-1.csv,30um_200Hz_30_0527.csv,更新日時,eta_star_v5_30um_200Hz_30.xlsx,0.812,0.88,2048,旧xlsxから引継ぎ
D30_200Hz_3-2.csv,30um_200Hz_30_0527-2.csv,更新日時,,0.812,0.88,2048,同じ粒径・日付(30um/0527)の旧xlsxから
D30_200Hz_3-3.csv,30um_200Hz_30_0527-3.csv,更新日時,,0.812,0.88,2048,同じ粒径・日付(30um/0527)の旧xlsxから
D30_200Hz_4-1.csv,30um_200Hz_40_0527.csv,更新日時,eta_star_v5_30um_200Hz_40.xlsx,0.812,0.88,2048,旧xlsxから引継ぎ
D30_200Hz_4-2.csv,30um_200Hz_40_0527-2.csv,更新日時,,0.812,0.88,2048,同じ粒径・日付(30um/0527)の旧xlsxから
D30_200Hz_4-3.csv,30um_200Hz_40_0527-3.csv,更新日時,,0.812,0.88,2048,同じ粒径・日付(30um/0527)の旧xlsxから
D30_300Hz_1-1.csv,30um_300Hz_10_0527.csv,更新日時,eta_star_v5_30um_300Hz_10.xlsx,0.812,0.88,2048,旧xlsxから引継ぎ
D30_300Hz_1-2.csv,30um_300Hz_10_0527-2.csv,更新日時,,0.812,0.88,2048,同じ粒径・日付(30um/0527)の旧xlsxから
D30_300Hz_1-3.csv,30um_300Hz_10_0527-3.csv,更新日時,,0.812,0.88,2048,同じ粒径・日付(30um/0527)の旧xlsxから
D30_300Hz_2-1.csv,30um_300Hz_20_0527.csv,更新日時,,0.812,0.88,2048,同じ粒径・日付(30um/0527)の旧xlsxから
D30_300Hz_2-2.csv,30um_300Hz_20_0527-2.csv,更新日時,eta_star_v5_30um_300Hz_20.xlsx,0.812,0.88,2048,旧xlsxから引継ぎ
D30_300Hz_2-3.csv,30um_300Hz_20_0527-3.csv,更新日時,,0.812,0.88,2048,同じ粒径・日付(30um/0527)の旧xlsxから
D30_300Hz_3-1.csv,30um_300Hz_30_0527.csv,更新日時,eta_star_v5_30um_300Hz_30.xlsx,0.812,0.88,2048,旧xlsxから引継ぎ
D30_300Hz_3-2.csv,30um_300Hz_30_0527-2.csv,更新日時,,0.812,0.88,2048,同じ粒径・日付(30um/0527)の旧xlsxから
D30_300Hz_3-3.csv,30um_300Hz_30_0527-3.csv,更新日時,,0.812,0.88,2048,同じ粒径・日付(30um/0527)の旧xlsxから
D30_300Hz_4-1.csv,30um_300Hz_40_0527.csv,更新日時,eta_star_v5_30um_300Hz_40.xlsx,0.812,0.88,2048,旧xlsxから引継ぎ
D30_300Hz_4-2.csv,30um_300Hz_40_0527-2.csv,更新日時,,0.812,0.88,2048,同じ粒径・日付(30um/0527)の旧xlsxから
D30_300Hz_4-3.csv,30um_300Hz_40_0527-3.csv,更新日時,,0.812,0.88,2048,同じ粒径・日付(30um/0527)の旧xlsxから
D30_50Hz_1-1.csv,30um_50Hz_10_0527.csv,更新日時,eta_star_v5_30um_50Hz_10.xlsx,0.812,0.88,2048,旧xlsxから引継ぎ
D30_50Hz_1-2.csv,30um_50Hz_10_0527-2.csv,更新日時,,0.812,0.88,2048,同じ粒径・日付(30um/0527)の旧xlsxから
D30_50Hz_1-3.csv,30um_50Hz_10_0527-3.csv,更新日時,,0.812,0.88,2048,同じ粒径・日付(30um/0527)の旧xlsxから
D30_50Hz_2-1.csv,30um_50Hz_20_0527.csv,更新日時,eta_star_v5_30um_50Hz_20.xlsx,0.812,0.88,2048,旧xlsxから引継ぎ
D30_50Hz_2-2.csv,30um_50Hz_20_0527-2.csv,更新日時,,0.812,0.88,2048,同じ粒径・日付(30um/0527)の旧xlsxから
D30_50Hz_2-3.csv,30um_50Hz_20_0527-3.csv,更新日時,,0.812,0.88,2048,同じ粒径・日付(30um/0527)の旧xlsxから
D30_50Hz_3-1.csv,30um_50Hz_30_0527.csv,更新日時,eta_star_v5_30um_50Hz_30.xlsx,0.812,0.88,2048,旧xlsxから引継ぎ
D30_50Hz_3-2.csv,30um_50Hz_30_0527-2.csv,更新日時,,0.812,0.88,2048,同じ粒径・日付(30um/0527)の旧xlsxから
D30_50Hz_3-3.csv,30um_50Hz_30_0527-3.csv,更新日時,,0.812,0.88,2048,同じ粒径・日付(30um/0527)の旧xlsxから
D30_50Hz_35-1.csv,30um_50Hz_35_0527.csv,更新日時,eta_star_v5_30um_50Hz_35.xlsx,0.812,0.88,2048,旧xlsxから引継ぎ
D30_50Hz_35-2.csv,30um_50Hz_35_0527-2.csv,更新日時,,0.812,0.88,2048,同じ粒径・日付(30um/0527)の旧xlsxから
D30_50Hz_35-3.csv,30um_50Hz_35_0527-3.csv,更新日時,,0.812,0.88,2048,同じ粒径・日付(30um/0527)の旧xlsxから
D75_100Hz_1-1.csv,75um_100Hz_10_0622.csv,更新日時,eta_star_v5_75um_100Hz_10.xlsx,0.787,0.88,2048,旧xlsxから引継ぎ
D75_100Hz_2-1.csv,75um_100Hz_20_0622.csv,更新日時,eta_star_v5_75um_100Hz_20.xlsx,0.787,0.88,2048,旧xlsxから引継ぎ
D75_100Hz_3-1.csv,75um_100Hz_30_0622.csv,更新日時,eta_star_v5_75um_100Hz_30.xlsx,0.787,0.88,2048,旧xlsxから引継ぎ
D75_100Hz_4-1.csv,75um_100Hz_40_0622.csv,更新日時,eta_star_v5_75um_100Hz_40.xlsx,0.787,0.88,2048,旧xlsxから引継ぎ
D75_200Hz_1-1.csv,75um_200Hz_10_0622.csv,更新日時,eta_star_v5_75um_200Hz_10.xlsx,0.787,0.88,2048,旧xlsxから引継ぎ
D75_200Hz_2-1.csv,75um_200Hz_20_0622.csv,更新日時,eta_star_v5_75um_200Hz_20.xlsx,0.787,0.88,2048,旧xlsxから引継ぎ
D75_200Hz_3-1.csv,75um_200Hz_30_0622.csv,更新日時,eta_star_v5_75um_200Hz_30.xlsx,0.787,0.88,2048,旧xlsxから引継ぎ
D75_200Hz_4-1.csv,75um_200Hz_40_0622.csv,更新日時,eta_star_v5_75um_200Hz_40.xlsx,0.787,0.88,2048,旧xlsxから引継ぎ
D75_300Hz_1-1.csv,75um_300Hz_10_0622.csv,更新日時,eta_star_v5_75um_300Hz_10.xlsx,0.787,0.88,2048,旧xlsxから引継ぎ
D75_300Hz_2-1.csv,75um_300Hz_20_0622.csv,更新日時,eta_star_v5_75um_300Hz_20.xlsx,0.787,0.88,2048,旧xlsxから引継ぎ
D75_300Hz_3-1.csv,75um_300Hz_30_0622.csv,更新日時,eta_star_v5_75um_300Hz_30.xlsx,0.787,0.88,2048,旧xlsxから引継ぎ
D75_300Hz_4-1.csv,75um_300Hz_40_0622.csv,更新日時,eta_star_v5_75um_300Hz_40.xlsx,0.787,0.88,2048,旧xlsxから引継ぎ
D75_50Hz_1-1.csv,75um_50Hz_10_0622.csv,更新日時,eta_star_v5_75um_50Hz_10.xlsx,0.787,0.88,2048,旧xlsxから引継ぎ
D75_50Hz_2-1.csv,75um_50Hz_20_0622.csv,更新日時,eta_star_v5_75um_50Hz_20.xlsx,0.787,0.88,2048,旧xlsxから引継ぎ
D75_50Hz_3-1.csv,75um_50Hz_30_0622.csv,更新日時,eta_star_v5_75um_50Hz_30.xlsx,0.787,0.88,2048,旧xlsxから引継ぎ
D75_50Hz_35-1.csv,75um_50Hz_35_0622.csv,更新日時,eta_star_v5_75um_50Hz_35.xlsx,0.787,0.88,2048,旧xlsxから引継ぎ
box_1000_100.csv,box_1000Hz_10_0925.csv,更新日時,eta_star_v5_box_1000Hz_10.xlsx,0,0.88,2000,旧xlsxから引継ぎ
box_1000_200.csv,box_1000Hz_20_0925.csv,更新日時,eta_star_v5_box_1000Hz_20.xlsx,0,0.88,2000,旧xlsxから引継ぎ
box_1000_300.csv,box_1000Hz_30_0925.csv,更新日時,eta_star_v5_box_1000Hz_30.xlsx,0,0.88,2000,旧xlsxから引継ぎ
box_1000_400.csv,box_1000Hz_40_0925.csv,更新日時,eta_star_v5_box_1000Hz_40.xlsx,0,0.88,2000,旧xlsxから引継ぎ
box_1500_100.csv,box_1500Hz_10_0925.csv,更新日時,eta_star_v5_box_1500Hz_10.xlsx,0,0.88,2000,旧xlsxから引継ぎ
box_1500_200.csv,box_1500Hz_20_0925.csv,更新日時,eta_star_v5_box_1500Hz_20.xlsx,0,0.88,2000,旧xlsxから引継ぎ
box_1500_300.csv,box_1500Hz_30_0925.csv,更新日時,eta_star_v5_box_1500Hz_30.xlsx,0,0.88,2000,旧xlsxから引継ぎ
box_1500_400.csv,box_1500Hz_40_0925.csv,更新日時,eta_star_v5_box_1500Hz_40.xlsx,0,0.88,2000,旧xlsxから引継ぎ
